index,name,seconds,timestamp,duration
1,POUND,0,00:00,1.903
2,KARATE CHOP,1.903,00:01,2.37
3,DOUBLESLAP,4.273,00:04,3.138
4,COMET PUNCH,7.411,00:07,3.338
5,MEGA PUNCH,10.749,00:10,3.221
6,PAY DAY,13.97,00:13,2.937
7,FIRE PUNCH,16.907,00:16,3.789
8,ICE PUNCH,20.696,00:20,2.654
9,THUNDERPUNCH,23.35,00:23,2.654
10,SCRATCH,26.004,00:26,1.986
11,VICEGRIP,27.99,00:27,1.986
12,GUILLOTINE,29.976,00:29,1.986
13,RAZOR WIND,31.962,00:31,3.121
14,SWORDS DANCE,35.083,00:35,2.403
15,CUT,37.486,00:37,1.986
16,GUST,39.472,00:39,3.038
17,WING ATTACK,42.51,00:42,2.971
18,WHIRLWIND,45.481,00:45,5.758
19,FLY,51.239,00:51,4.957
20,BIND,56.196,00:56,4.473
21,SLAM,60.669,01:00,2.737
22,VINE WHIP,63.406,01:03,2.053
23,STOMP,65.459,01:05,2.37
24,DOUBLE KICK,67.829,01:07,3.138
25,MEGA KICK,70.967,01:10,3.338
26,JUMP KICK,74.305,01:14,2.203
27,ROLLING KICK,76.508,01:16,2.003
28,SAND-ATTACK,78.511,01:18,2.67
29,HEADBUTT,81.181,01:21,2.821
30,HORN ATTACK,84.002,01:24,2.12
31,FURY ATTACK,86.122,01:26,2.437
32,HORN DRILL,88.559,01:28,3.488
33,TACKLE,92.047,01:32,2.27
34,BODY SLAM,94.317,01:34,2.921
35,WRAP,97.238,01:37,2.854
36,TAKE DOWN,100.092,01:40,2.287
37,THRASH,102.379,01:42,2.02
38,DOUBLE-EDGE,104.399,01:44,2.287
39,TAIL WHIP,106.686,01:46,2.587
40,POISON STING,109.273,01:49,2.12
41,TWINEEDLE,111.393,01:51,2.103
42,PIN MISSILE,113.496,01:53,2.487
43,LEER,115.983,01:55,1.736
44,BITE,117.719,01:57,2.103
45,GROWL,119.822,01:59,3.839
46,ROAR,123.661,02:03,3.705
47,SING,127.366,02:07,5.557
48,SUPERSONIC,132.923,02:12,3.638
49,SONICBOOM,136.561,02:16,3.038
50,DISABLE,139.599,02:19,3.455
51,ACID,143.054,02:23,3.672
52,EMBER,146.726,02:26,4.172
53,FLAMETHROWER,150.898,02:30,5.774
54,MIST,156.672,02:36,4.59
55,WATER GUN,161.262,02:41,3.855
56,HYDRO PUMP,165.117,02:45,4.756
57,SURF,169.873,02:49,4.306
58,ICE BEAM,174.179,02:54,4.239
59,BLIZZARD,178.418,02:58,5.174
60,PSYBEAM,183.592,03:03,4.423
61,BUBBLEBEAM,188.015,03:08,4.706
62,AURORA BEAM,192.721,03:12,4.706
63,HYPER BEAM,197.427,03:17,3.555
64,PECK,200.982,03:20,1.936
65,DRILL PECK,202.918,03:22,2.988
66,SUBMISSION,205.906,03:25,4.222
67,LOW KICK,210.128,03:30,2.02
68,COUNTER,212.148,03:32,2.837
69,SEISMIC TOSS,214.985,03:34,4.439
70,STRENGTH,219.424,03:39,4.489
71,ABSORB,223.913,03:43,3.772
72,MEGA DRAIN,227.685,03:47,4.656
73,LEECH SEED,232.341,03:52,4.556
74,GROWTH,236.897,03:56,2.537
75,RAZOR LEAF,239.434,03:59,4.473
76,SOLARBEAM,243.907,04:03,7.46
77,POISONPOWDER,251.367,04:11,3.905
78,STUN SPORE,255.272,04:15,3.905
79,SLEEP POWDER,259.177,04:19,3.905
80,PETAL DANCE,263.082,04:23,6.392
81,STRING SHOT,269.474,04:29,2.954
82,DRAGON RAGE,272.428,04:32,4.723
83,FIRE SPIN,277.151,04:37,4.072
84,THUNDERSHOCK,281.223,04:41,3.421
85,THUNDERBOLT,284.644,04:44,4.256
86,THUNDER WAVE,288.9,04:48,3.455
87,THUNDER,292.355,04:52,3.138
88,ROCK THROW,295.493,04:55,3.288
89,EARTHQUAKE,298.781,04:58,4.94
90,FISSURE,303.721,05:03,4.94
91,DIG,308.661,05:08,6.709
92,TOXIC,315.37,05:15,6.175
93,CONFUSION,321.545,05:21,4.139
94,PSYCHIC,325.684,05:25,4.373
95,HYPNOSIS,330.057,05:30,3.188
96,MEDITATE,333.245,05:33,4.056
97,AGILITY,337.301,05:37,3.555
98,QUICK ATTACK,340.856,05:40,2.22
99,RAGE,343.076,05:43,3.889
100,TELEPORT,346.965,05:46,3.738
101,NIGHT SHADE,350.703,05:50,4.156
102,MIMIC,354.859,05:54,4.423
103,SCREECH,359.282,05:59,2.637
104,DOUBLE TEAM,361.919,06:01,3.989
105,RECOVER,365.908,06:05,4.272
106,HARDEN,370.18,06:10,3.772
107,MINIMIZE,373.952,06:13,3.772
108,SMOKESCREEN,377.724,06:17,5.007
109,CONFUSE RAY,382.731,06:22,4.272
110,WITHDRAW,387.003,06:27,3.922
111,DEFENSE CURL,390.925,06:30,3.688
112,BARRIER,394.613,06:34,2.921
113,LIGHT SCREEN,397.534,06:37,3.238
114,HAZE,400.772,06:40,4.172
115,REFLECT,404.944,06:44,3.004
116,FOCUS ENERGY,407.948,06:47,3.305
117,BIDE,411.253,06:51,6.075
118,METRONOME,417.328,06:57,3.121
119,MIRROR MOVE,420.449,07:00,1.419
120,SELFDESTRUCT,421.868,07:01,2.954
121,EGG BOMB,424.822,07:04,6.158
122,LICK,430.98,07:10,2.554
123,SMOG,433.534,07:13,4.606
124,SLUDGE,438.14,07:18,4.69
125,BONE CLUB,442.83,07:22,2.437
126,FIRE BLAST,445.267,07:25,6.726
127,WATERFALL,451.993,07:31,4.89
128,CLAMP,456.883,07:36,2.637
129,SWIFT,459.52,07:39,2.721
130,SKULL BASH,462.241,07:42,6.025
131,SPIKE CANNON,468.266,07:48,3.171
132,CONSTRICT,471.437,07:51,3.004
133,AMNESIA,474.441,07:54,3.138
134,KINESIS,477.579,07:57,4.873
135,SOFTBOILED,482.452,08:02,7.81
136,HI JUMP KICK,490.262,08:10,2.62
137,GLARE,492.882,08:12,1.736
138,DREAM EATER,494.618,08:14,4.64
139,POISON GAS,499.258,08:19,5.14
140,BARRAGE,504.398,08:24,2.704
141,LEECH LIFE,507.102,08:27,3.889
142,LOVELY KISS,510.991,08:30,2.787
143,SKY ATTACK,513.778,08:33,8.361
144,TRANSFORM,522.139,08:42,4.139
145,BUBBLE,526.278,08:46,4.389
146,DIZZY PUNCH,530.667,08:50,3.471
147,SPORE,534.138,08:54,5.04
148,FLASH,539.178,08:59,2.67
149,PSYWAVE,541.848,09:01,4.106
150,SPLASH,545.954,09:05,3.655
151,ACID ARMOR,549.609,09:09,3.138
152,CRABHAMMER,552.747,09:12,2.62
153,EXPLOSION,555.367,09:15,2.954
154,FURY SWIPES,558.321,09:18,3.572
155,BONEMERANG,561.893,09:21,2.437
156,REST,564.33,09:24,4.089
157,ROCK SLIDE,568.419,09:28,5.557
158,HYPER FANG,573.976,09:33,1.903
159,SHARPEN,575.879,09:35,3.688
160,CONVERSION,579.567,09:39,3.605
161,TRI ATTACK,583.172,09:43,5.975
162,SUPER FANG,589.147,09:49,3.021
163,SLASH,592.168,09:52,1.986
164,SUBSTITUTE,594.154,09:54,2.637
165,STRUGGLE,596.791,09:56,1.786
166,SKETCH,598.577,09:58,3.388
167,TRIPLE KICK,601.965,10:01,4.506
168,THIEF,606.471,10:06,3.789
169,SPIDER WEB,610.26,10:10,2.704
170,MIND READER,612.964,10:12,2.637
171,NIGHTMARE,615.601,10:15,3.121
172,FLAME WHEEL,618.722,10:18,6.675
173,SNORE,625.397,10:25,2.804
174,CURSE,628.201,10:28,6.625
175,FLAIL,634.826,10:34,2.637
176,CONVERSION2,637.463,10:37,4.423
177,AEROBLAST,641.886,10:41,4.022
178,COTTON SPORE,645.908,10:45,3.889
179,REVERSAL,649.797,10:49,2.253
180,SPITE,652.05,10:52,3.138
181,POWDER SNOW,655.188,10:55,3.555
182,PROTECT,658.743,10:58,3.972
183,MACH PUNCH,662.715,11:02,2.337
184,SCARY FACE,665.052,11:05,2.537
185,FAINT ATTACK,667.589,11:07,4.59
186,SWEET KISS,672.179,11:12,2.787
187,BELLY DRUM,674.966,11:14,4.106
188,SLUDGE BOMB,679.072,11:19,5.207
189,MUD-SLAP,684.279,11:24,2.67
190,OCTAZOOKA,686.949,11:26,2.554
191,SPIKES,689.503,11:29,2.904
192,ZAP CANNON,692.407,11:32,3.839
193,FORESIGHT,696.246,11:36,3.655
194,DESTINY BOND,699.901,11:39,3.655
195,PERISH SONG,703.556,11:43,3.705
196,ICY WIND,707.261,11:47,4.356
197,DETECT,711.617,11:51,2.02
198,BONE RUSH,713.637,11:53,2.537
199,LOCK-ON,716.174,11:56,2.637
200,OUTRAGE,718.811,11:58,4.089
201,SANDSTORM,722.9,12:02,4.606
202,GIGA DRAIN,727.506,12:07,7.059
203,ENDURE,734.565,12:14,4.005
204,CHARM,738.57,12:18,2.637
205,ROLLOUT,741.207,12:21,2.353
206,FALSE SWIPE,743.56,12:23,2.153
207,SWAGGER,745.713,12:25,3.905
208,MILK DRINK,749.618,12:29,5.724
209,SPARK,755.342,12:35,4.039
210,FURY CUTTER,759.381,12:39,2.103
211,STEEL WING,761.484,12:41,5.29
212,MEAN LOOK,766.774,12:46,4.005
213,ATTRACT,770.779,12:50,5.457
214,SLEEP TALK,776.236,12:56,3.405
215,HEAL BELL,779.641,12:59,6.208
216,RETURN,785.849,13:05,3.922
217,PRESENT,789.771,13:09,4.356
218,FRUSTRATION,794.127,13:14,3.455
219,SAFEGUARD,797.582,13:17,4.022
220,PAIN SPLIT,801.604,13:21,2.353
221,SACRED FIRE,803.957,13:23,6.959
222,MAGNITUDE,810.916,13:30,3.338
223,DYNAMICPUNCH,814.254,13:34,2.821
224,MEGAHORN,817.075,13:37,3.672
225,DRAGONBREATH,820.747,13:40,3.722
226,BATON PASS,824.469,13:44,3.154
227,ENCORE,827.623,13:47,2.937
228,PURSUIT,830.56,13:50,1.869
229,RAPID SPIN,832.429,13:52,2.937
230,SWEET SCENT,835.366,13:55,5.374
231,IRON TAIL,840.74,14:00,4.506
232,METAL CLAW,845.246,14:05,4.339
233,VITAL THROW,849.585,14:09,3.455
234,MORNING SUN,853.04,14:13,3.922
235,SYNTHESIS,856.962,14:16,4.323
236,MOONLIGHT,861.285,14:21,5.441
237,HIDDEN POWER,866.726,14:26,4.706
238,CROSS CHOP,871.432,14:31,3.421
239,TWISTER,874.853,14:34,6.642
240,RAIN DANCE,881.495,14:41,4.156
241,SUNNY DAY,885.651,14:45,3.922
242,CRUNCH,889.573,14:49,2.103
243,MIRROR COAT,891.676,14:51,3.839
244,PSYCH UP,895.515,14:55,4.039
245,EXTREMESPEED,899.554,14:59,3.488
246,ANCIENTPOWER,903.042,15:03,2.771
247,SHADOW BALL,905.813,15:05,3.371
248,FUTURE SIGHT,909.184,15:09,2.67
249,ROCK SMASH,911.854,15:11,3.605
250,WHIRLPOOL,915.459,15:15,3.989
251,BEAT UP,919.448,15:19,2.27
252,GIGA HAMMER,921.718,15:21,6.242
253,DAZZLE GLEAM,927.96,15:27,3.522
254,DISARM VOICE,931.482,15:31,3.855
255,DRAIN KISS,935.337,15:35,4.89
256,PLAY ROUGH,940.227,15:40,3.071
257,SPIRIT BREAK,943.298,15:43,2.937
258,FAIRY WIND,946.235,15:46,3.371
259,SUCKER PUNCH,949.606,15:49,2.971
260,DARK PULSE,952.577,15:52,3.121
261,FIRE FANG,955.698,15:55,2.454
262,ICE FANG,958.152,15:58,2.704
263,THUNDER FANG,960.856,16:00,2.52
264,AQUA JET,963.376,16:03,2.837
265,WILD CHARGE,966.213,16:06,4.907
266,BITTER BLADE,971.12,16:11,3.138
267,HEAT CRASH,974.258,16:14,4.74
268,ICE SHARD,978.998,16:18,4.506
269,TRIPLE AXEL,983.504,16:23,6.125
270,ICICLE CRASH,989.629,16:29,2.737
271,STRUGGLE BUG,992.366,16:32,2.403
272,INFESTATION,994.769,16:34,2.837
273,BUG BUZZ,997.606,16:37,4.406
274,ACCELROCK,1002.012,16:42,2.437
275,STONE EDGE,1004.449,16:44,3.405
276,AIR SLASH,1007.854,16:47,2.27
277,POISON FANG,1010.124,16:50,3.088
278,VENOSHOCK,1013.212,16:53,4.99
279,HAIL,1018.202,16:58,3.705
280,LEAF BLADE,1021.907,17:01,2.12
281,SHADOW SNEAK,1024.027,17:04,2.57
282,SHADOW PUNCH,1026.597,17:06,3.889
283,SHADOW CLAW,1030.486,17:10,2.103
284,POISON JAB,1032.589,17:12,4.673
285,LUNGE,1037.262,17:17,2.237
286,BUG BITE,1039.499,17:19,3.622
287,X-SCISSOR,1043.121,17:23,1.986
288,U-TURN,1045.107,17:25,3.455
289,DRAGON CLAW,1048.562,17:28,3.221
290,DRACO METEOR,1051.783,17:31,5.658
291,MOONBLAST,1057.441,17:37,5.491
292,PIXIE PUNCH,1062.932,17:42,2.687
293,BLOOD MOON,1065.619,17:45,7.894
294,BULLET PUNCH,1073.513,17:53,2.721
295,DRAIN PUNCH,1076.234,17:56,3.688
296,SOLAR BLADE,1079.922,17:59,6.292
297,CLOSE COMBAT,1086.214,18:06,3.772
298,ACROBATICS,1089.986,18:09,3.622
299,AERIAL ACE,1093.608,18:13,2.67
300,AQUA TAIL,1096.278,18:16,4.323
301,ASTONISH,1100.601,18:20,2.837
302,AURA SPHERE,1103.438,18:23,4.606
303,AVALANCHE,1108.044,18:28,4.172
304,BRAVE BIRD,1112.216,18:32,3.789
305,BULK UP,1116.005,18:36,3.471
306,BULLDOZE,1119.476,18:39,4.089
307,CALM MIND,1123.565,18:43,3.805
308,DRAGON DANCE,1127.37,18:47,3.488
309,DRAGON PULSE,1130.858,18:50,3.221
310,EARTH POWER,1134.079,18:54,3.989
311,ENERGY BALL,1138.068,18:58,4.857
312,EXTRASENSORY,1142.925,19:02,4.706
313,FACADE,1147.631,19:07,4.072
314,FLAME CHARGE,1151.703,19:11,6.675
315,FLARE BLITZ,1158.378,19:18,4.222
316,FLASH CANNON,1162.6,19:22,5.24
317,FOCUS BLAST,1167.84,19:27,4.723
318,GIGA IMPACT,1172.563,19:32,4.756
319,GUNK SHOT,1177.319,19:37,5.724
320,GYRO BALL,1183.043,19:43,4.857
321,HEX,1187.9,19:47,4.156
322,HONE CLAWS,1192.056,19:52,3.471
323,HURRICANE,1195.527,19:55,4.089
324,HYPER VOICE,1199.616,19:59,4.673
325,ICICLE SPEAR,1204.289,20:04,2.504
326,IRON HEAD,1206.793,20:06,4.873
327,KNOCK OFF,1211.666,20:11,1.92
328,NASTY PLOT,1213.586,20:13,3.872
329,NIGHT SLASH,1217.458,20:17,2.771
330,POWER GEM,1220.229,20:20,4.072
331,POWER WHIP,1224.301,20:24,2.921
332,PSYSTRIKE,1227.222,20:27,4.74
333,ROCK BLAST,1231.962,20:31,2.387
334,ROOST,1234.349,20:34,5.174
335,SCALD,1239.523,20:39,4.806
336,SEED BOMB,1244.329,20:44,3.321
337,SHELL SMASH,1247.65,20:47,3.622
338,SKILL SWAP,1251.272,20:51,3.889
339,TOXIC SPIKES,1255.161,20:55,4.272
340,TRICK,1259.433,20:59,4.473
341,TRICK ROOM,1263.906,21:03,4.256
342,VOLT SWITCH,1268.162,21:08,4.74
343,WATER PULSE,1272.902,21:12,4.306
344,WILL-O-WISP,1277.208,21:17,3.555
345,ZEN HEADBUTT,1280.763,21:20,4.556
346,TROP KICK,1285.319,21:25,2.62
347,MORTAL SPIN,1287.939,21:27,2.954
348,FIRST STRIKE,1290.893,21:30,2.42
349,LIQUIDATION,1293.313,21:33,2.637
350,SLACK OFF,1295.95,21:35,4.089
351,VOLT TACKLE,1300.039,21:40,3.855
352,OVERHEAT,1303.894,21:43,5.741
353,LEAF STORM,1309.635,21:49,4.239
354,FAKE OUT,1313.874,21:53,2.754
355,FLIP TURN,1316.628,21:56,3.305
356,IRON DEFENSE,1319.933,21:59,3.271
357,ROCK POLISH,1323.204,22:03,4.022
358,WOOD HAMMER,1327.226,22:07,3.338
359,HEAD SMASH,1330.564,22:10,3.405
360,DRILL RUN,1333.969,22:13,2.988
361,PSYCHO CUT,1336.957,22:16,4.456
362,SACRED SWORD,1341.413,22:21,3.054
363,BRICK BREAK,1344.467,22:24,3.522
364,HEAT WAVE,1347.989,22:27,4.272
365,SNARL,1352.261,22:32,2.654
366,NUZZLE,1354.915,22:34,3.872
367,BULLET SEED,1358.787,22:38,1.886
368,DUALWINGBEAT,1360.673,22:40,5.441
369,ROCK TOMB,1366.114,22:46,4.022
370,LOW SWEEP,1370.136,22:50,2.454
371,MUD SHOT,1372.59,22:52,4.139
372,AIR CUTTER,1376.729,22:56,3.572
373,CROSS POISON,1380.301,23:00,2.487
374,MAGICAL LEAF,1382.788,23:02,4.489
375,SIGNAL BEAM,1387.277,23:07,4.339
376,SCALE SHOT,1391.616,23:11,2.036
377,PHANTOMFORCE,1393.652,23:13,5.874
378,HEADLONGRUSH,1399.526,23:19,3.271
379,SHADOW BONE,1402.797,23:22,3.204
380,DIRE CLAW,1406.001,23:26,3.121
381,BARB BARRAGE,1409.122,23:29,2.821
382,INFERNPARADE,1411.943,23:31,4.473
383,KOWTOWCLEAVE,1416.416,23:36,3.121
384,ARMOR CANNON,1419.537,23:39,3.805
385,SHELLSIDEARM,1423.342,23:43,2.937
386,GLAIVE RUSH,1426.279,23:46,2.704
387,DRAGON DARTS,1428.983,23:48,2.203
388,APPLE ACID,1431.186,23:51,2.704
389,GRAV APPLE,1433.89,23:53,2.837
390,PSYSHLD BASH,1436.727,23:56,5.007
391,RAGING FURY,1441.734,24:01,3.305
392,STRANGESTEAM,1445.039,24:05,4.106
393,EERIE SPELL,1449.145,24:09,3.805
394,BANE BUNKER,1452.95,24:12,2.62
395,RAGING BULL,1455.57,24:15,3.371
396,FICKLE BEAM,1458.941,24:18,2.437
397,STONE AXE,1461.378,24:21,2.637
398,QUIVER DANCE,1464.015,24:24,2.771
399,STEALTH ROCK,1466.786,24:26,3.021
400,DEFOG,1469.807,24:29,3.355
401,BODY PRESS,1473.162,24:33,3.204
402,WORK UP,1476.366,24:36,2.787
403,SUPERPOWER,1479.153,24:39,4.857
404,FIERY DANCE,1484.01,24:44,3.054
405,FOUL PLAY,1487.064,24:47,2.754
406,RAGE FIST,1489.818,24:49,3.021
407,CRUSH CLAW,1492.839,24:52,2.871
408,FORCE PALM,1495.71,24:55,3.054
409,HAMMER ARM,1498.764,24:58,2.654
410,CIRCLE THROW,1501.418,25:01,3.121
411,FREEZE-DRY,1504.539,25:04,3.305
412,BOUNCE,1507.844,25:07,4.206
413,DRAGON TAIL,1512.05,25:12,2.754
414,LUMINA CRASH,1514.804,25:14,5.023
415,TORMENT,1519.827,25:19,5.19
416,TAUNT,1525.017,25:25,4.323
417,YAWN,1529.34,25:29,4.423
418,WISH,1533.763,25:33,5.407
419,STICKY WEB,1539.17,25:39,2.704
420,WEATHER BALL,1541.874,25:41,20.943
421,INCINERATE,1562.817,26:02,4.056
